{
  "feature_stats": {
    "sepal length (cm)": {
      "count": 150.0,
      "mean": 5.843333333333334,
      "std": 0.828066127977863,
      "min": 4.3,
      "25%": 5.1,
      "50%": 5.8,
      "75%": 6.4,
      "max": 7.9
    },
    "sepal width (cm)": {
      "count": 150.0,
      "mean": 3.0573333333333337,
      "std": 0.4358662849366982,
      "min": 2.0,
      "25%": 2.8,
      "50%": 3.0,
      "75%": 3.3,
      "max": 4.4
    },
    "petal length (cm)": {
      "count": 150.0,
      "mean": 3.7580000000000005,
      "std": 1.7652982332594662,
      "min": 1.0,
      "25%": 1.6,
      "50%": 4.35,
      "75%": 5.1,
      "max": 6.9
    },
    "petal width (cm)": {
      "count": 150.0,
      "mean": 1.1993333333333336,
      "std": 0.7622376689603465,
      "min": 0.1,
      "25%": 0.3,
      "50%": 1.3,
      "75%": 1.8,
      "max": 2.5
    },
    "target": {
      "count": 150.0,
      "mean": 1.0,
      "std": 0.8192319205190405,
      "min": 0.0,
      "25%": 0.0,
      "50%": 1.0,
      "75%": 2.0,
      "max": 2.0
    }
  },
  "class_counts": {
    "0": 50,
    "1": 50,
    "2": 50
  },
  "target_names": [
    "setosa",
    "versicolor",
    "virginica"
  ]
}